<?xml version="1.0" encoding="UTF-8"?>
<configuration>
	<appender name="stdout"
		class="ch.qos.logback.core.ConsoleAppender">
		<encoder
			class="net.logstash.logback.encoder.LoggingEventCompositeJsonEncoder">
			<providers>
				<timestamp>
					<timeZone>EST</timeZone>
				</timestamp>
				<pattern>
					<pattern>
						{
						"level": "%level",
						"service": "ren-notes-svc",
						"traceId": "%X{traceId:-}",
						"spanId": "%X{spanId:-}",
						"thread": "%thread",
						"class": "%logger{40}",
						"message": "%message"
						}
					</pattern>
				</pattern>
				<stackTrace>
					<throwableConverter
						class="net.logstash.logback.stacktrace.ShortenedThrowableConverter">
						<maxDepthPerThrowable>30</maxDepthPerThrowable>
						<maxLength>2048</maxLength>
						<shortenedClassNameLength>20</shortenedClassNameLength>
						<rootCauseFirst>true</rootCauseFirst>
					</throwableConverter>
				</stackTrace>
			</providers>
		</encoder>
	</appender>

	<logger name="org.springframework.cloud.sleuth.log.Slf4jSpanLogger"
		level="TRACE" additivity="false" />
	<logger name="org.springframework.cloud.sleuth.trace.DefaultTracer"
		level="TRACE" additivity="false" />
	<logger name="org.springframework.cloud.sleuth.instrument.web.client.AbstractTraceHttpRequestInterceptor" level="ERROR" />
	<logger name="com.ge.ren" level="DEBUG" />
	<logger name="httpclient.wire" level="DEBUG" />
	<logger name="org.springframework.beans" level="ERROR" />
	<logger name="org.springframework.core" level="DEBUG" />
	<logger name="org.springframework.context" level="DEBUG" />
	<logger name="org.springframework.data" level="DEBUG" />
	<logger name="org.springframework.web.context.support" level="DEBUG" />
	<logger name="org.springframework.jndi" level="DEBUG" />
	<logger name="org.springframework.cache" level="INFO" />
	<logger name="org.springframework.aop" level="DEBUG" />
	<logger name="org.springframework.security.web" level="INFO" />
	<logger name="org.springframework.ui" level="INFO" />
	<logger name="org.springframework.web.client.RestTemplate" level="DEBUG" />
	<logger name="com.xebialabs.restito.server.StubServer" 	level="WARN" />
	<logger name="org.springframework.data.convert.CustomConversions" level="ERROR" />
	<logger name="java.nio" level="DEBUG" />
	<logger name="com.amazonaws" level="DEBUG" />
 	<root level="info">
		<appender-ref ref="stdout" />
	</root> 
</configuration>