<settings xmlns="http://maven.apache.org/SETTINGS/1.0.0"
	xmlns:xsi="http://www.w3.org/2001/XMLSchema-instance"
	xsi:schemaLocation="http://maven.apache.org/SETTINGS/1.0.0
                          http://maven.apache.org/xsd/settings-1.0.0.xsd">

	<servers>
		<server>
			<id>analytics.repo</id>
			<username>502803243</username>
			<password>AP3MBEU8yE6fqHnhH8e3jQGaMjK</password>
		</server>
		
		<server>
			<id>QOVCW</id>
			<username>502803243</username>
			<password>AP3MBEU8yE6fqHnhH8e3jQGaMjK</password>
		</server>
	</servers>

	<profiles>
		<profile>
			<id>dpodProfile</id>
			<repositories>
			 	
				 <repository>
					<id>artifactory.repo</id>
					<name>artifactory.repo</name>
					<url>https://artifactory.build.ge.com/apm-virtual</url>
				</repository> 
				<repository>
					<id>QOVCW</id>
					<name>QOVCW</name>
					<url>https://artifactory.build.ge.com/QOVCW</url>
				</repository>
			</repositories>
		</profile>
	</profiles>

	<activeProfiles>
		<activeProfile>dpodProfile</activeProfile>
	</activeProfiles>
        

</settings>
